info,2,4,4,13,10
fs,2600,5200
A2from,1,1,1,1,1,1,1,1,1,1,2,2,2,2,2,2,2,2,2,2,3,3,3,3,3,3,3,3,3,3,4,4,4,4,4,4,4,4,4,4,5,5,5,5,5,5,5,5,5,5,6,6,6,6,6,6,6,6,6,6,7,7,7,7,7,7,7,7,7,7,8,8,8,8,8,8,8,8,8,8,9,9,9,9,9,9,9,9,9,9,10,10,10,10,10,10,10,10,10,10,11,11,11,11,11,11,11,11,11,11,12,12,12,12,12,12,12,12,12,12
A2to,3,4,5,6,7,8,9,10,11,12,3,4,5,6,7,8,9,10,11,12,3,4,5,6,7,8,9,10,11,12,3,4,5,6,7,8,9,10,11,12,3,4,5,6,7,8,9,10,11,12,3,4,5,6,7,8,9,10,11,12,3,4,5,6,7,8,9,10,11,12,3,4,5,6,7,8,9,10,11,12,3,4,5,6,7,8,9,10,11,12,3,4,5,6,7,8,9,10,11,12,3,4,5,6,7,8,9,10,11,12,3,4,5,6,7,8,9,10,11,12
ni5ij,11.7277,17.5821,9.485,16.1035,16.2736,19.3166,10.4681,8.96987,6.78998,9.59366,14.8386,20.2702,14.1476,17.3516,19.3648,21.8345,14.6054,5.61625,10.7877,9.69586,0,5.85486,3.74386,5.54368,4.62907,7.58997,2.39075,11.2404,4.94516,6.37271,5.85486,0,8.86349,4.50249,1.63712,1.75299,7.51409,15.9261,10.7957,10.9001,3.74386,8.86349,0,9.28754,7.32499,10.6005,1.41047,11.9326,3.3802,7.94654,5.54368,4.50249,9.28754,0,5.02654,5.30082,7.91999,12.405,9.75569,7.65613,4.62907,1.63712,7.32499,5.02654,0,3.29961,6.01409,15.3291,9.48993,10.2907,7.58997,1.75299,10.6005,5.30082,3.29961,0,9.26035,17.3184,12.5346,12.3364,2.39075,7.51409,1.41047,7.91999,6.01409,9.26035,0,11.8523,3.89835,7.46327,11.2404,15.9261,11.9326,12.405,15.3291,17.3184,11.8523,0,8.76599,5.0421,4.94516,10.7957,3.3802,9.75569,9.48993,12.5346,3.89835,8.76599,0,5.56128,6.37271,10.9001,7.94654,7.65613,10.2907,12.3364,7.46327,5.0421,5.56128,0
ni6ij,12.2862,18.4194,9.93667,16.8704,17.0485,20.2364,10.9665,9.39701,7.11331,10.0505,15.5452,21.2354,14.8213,18.1779,20.287,22.8743,15.3009,5.8837,11.3014,10.1576,0,6.13367,3.92214,5.80767,4.8495,7.9514,2.5046,11.7757,5.18064,6.67618,6.13367,0,9.28556,4.7169,1.71508,1.83647,7.87191,16.6844,11.3098,11.4191,3.92214,9.28556,0,9.72981,7.6738,11.1053,1.47763,12.5008,3.54116,8.32495,5.80767,4.7169,9.72981,0,5.26589,5.55324,8.29713,12.9957,10.2202,8.02071,4.8495,1.71508,7.6738,5.26589,0,3.45673,6.30048,16.0591,9.94184,10.7808,7.9514,1.83647,11.1053,5.55324,3.45673,0,9.70132,18.143,13.1314,12.9238,2.5046,7.87191,1.47763,8.29713,6.30048,9.70132,0,12.4167,4.08398,7.81867,11.7757,16.6844,12.5008,12.9957,16.0591,18.143,12.4167,0,9.18342,5.28221,5.18064,11.3098,3.54116,10.2202,9.94184,13.1314,4.08398,9.18342,0,5.82611,6.67618,11.4191,8.32495,8.02071,10.7808,12.9238,7.81867,5.28221,5.82611,0
ni7ij,11.7277,17.5821,9.485,16.1035,16.2736,19.3166,10.4681,8.96987,6.78998,9.59366,14.8386,20.2702,14.1476,17.3516,19.3648,21.8345,14.6054,5.61625,10.7877,9.69586,0,5.85486,3.74386,5.54368,4.62907,7.58997,2.39075,11.2404,4.94516,6.37271,5.85486,0,8.86349,4.50249,1.63712,1.75299,7.51409,15.9261,10.7957,10.9001,3.74386,8.86349,0,9.28754,7.32499,10.6005,1.41047,11.9326,3.3802,7.94654,5.54368,4.50249,9.28754,0,5.02654,5.30082,7.91999,12.405,9.75569,7.65613,4.62907,1.63712,7.32499,5.02654,0,3.29961,6.01409,15.3291,9.48993,10.2907,7.58997,1.75299,10.6005,5.30082,3.29961,0,9.26035,17.3184,12.5346,12.3364,2.39075,7.51409,1.41047,7.91999,6.01409,9.26035,0,11.8523,3.89835,7.46327,11.2404,15.9261,11.9326,12.405,15.3291,17.3184,11.8523,0,8.76599,5.0421,4.94516,10.7957,3.3802,9.75569,9.48993,12.5346,3.89835,8.76599,0,5.56128,6.37271,10.9001,7.94654,7.65613,10.2907,12.3364,7.46327,5.0421,5.56128,0
ni8ij,11.1693,16.7449,9.03333,15.3367,15.4986,18.3968,9.96959,8.54274,6.46664,9.13682,14.132,19.3049,13.4739,16.5253,18.4427,20.7948,13.9099,5.34881,10.274,9.23415,0,5.57606,3.56558,5.2797,4.40864,7.22854,2.27691,10.7052,4.70967,6.06925,5.57606,0,8.44141,4.28809,1.55916,1.66951,7.15628,15.1677,10.2816,10.381,3.56558,8.44141,0,8.84528,6.97618,10.0958,1.3433,11.3643,3.21924,7.56814,5.2797,4.28809,8.84528,0,4.78718,5.0484,7.54284,11.8143,9.29114,7.29156,4.40864,1.55916,6.97618,4.78718,0,3.14248,5.7277,14.5992,9.03803,9.8007,7.22854,1.66951,10.0958,5.0484,3.14248,0,8.81938,16.4937,11.9377,11.7489,2.27691,7.15628,1.3433,7.54284,5.7277,8.81938,0,11.2879,3.71271,7.10788,10.7052,15.1677,11.3643,11.8143,14.5992,16.4937,11.2879,0,8.34856,4.802,4.70967,10.2816,3.21924,9.29114,9.03803,11.9377,3.71271,8.34856,0,5.29646,6.06925,10.381,7.56814,7.29156,9.8007,11.7489,7.10788,4.802,5.29646,0
ni9ij,12.2862,18.4194,9.93667,16.8704,17.0485,20.2364,10.9665,9.39701,7.11331,10.0505,15.5452,21.2354,14.8213,18.1779,20.287,22.8743,15.3009,5.8837,11.3014,10.1576,0,6.13367,3.92214,5.80767,4.8495,7.9514,2.5046,11.7757,5.18064,6.67618,6.13367,0,9.28556,4.7169,1.71508,1.83647,7.87191,16.6844,11.3098,11.4191,3.92214,9.28556,0,9.72981,7.6738,11.1053,1.47763,12.5008,3.54116,8.32495,5.80767,4.7169,9.72981,0,5.26589,5.55324,8.29713,12.9957,10.2202,8.02071,4.8495,1.71508,7.6738,5.26589,0,3.45673,6.30048,16.0591,9.94184,10.7808,7.9514,1.83647,11.1053,5.55324,3.45673,0,9.70132,18.143,13.1314,12.9238,2.5046,7.87191,1.47763,8.29713,6.30048,9.70132,0,12.4167,4.08398,7.81867,11.7757,16.6844,12.5008,12.9957,16.0591,18.143,12.4167,0,9.18342,5.28221,5.18064,11.3098,3.54116,10.2202,9.94184,13.1314,4.08398,9.18342,0,5.82611,6.67618,11.4191,8.32495,8.02071,10.7808,12.9238,7.81867,5.28221,5.82611,0
ni10ij,11.1693,16.7449,9.03333,15.3367,15.4986,18.3968,9.96959,8.54274,6.46664,9.13682,14.132,19.3049,13.4739,16.5253,18.4427,20.7948,13.9099,5.34881,10.274,9.23415,0,5.57606,3.56558,5.2797,4.40864,7.22854,2.27691,10.7052,4.70967,6.06925,5.57606,0,8.44141,4.28809,1.55916,1.66951,7.15628,15.1677,10.2816,10.381,3.56558,8.44141,0,8.84528,6.97618,10.0958,1.3433,11.3643,3.21924,7.56814,5.2797,4.28809,8.84528,0,4.78718,5.0484,7.54284,11.8143,9.29114,7.29156,4.40864,1.55916,6.97618,4.78718,0,3.14248,5.7277,14.5992,9.03803,9.8007,7.22854,1.66951,10.0958,5.0484,3.14248,0,8.81938,16.4937,11.9377,11.7489,2.27691,7.15628,1.3433,7.54284,5.7277,8.81938,0,11.2879,3.71271,7.10788,10.7052,15.1677,11.3643,11.8143,14.5992,16.4937,11.2879,0,8.34856,4.802,4.70967,10.2816,3.21924,9.29114,9.03803,11.9377,3.71271,8.34856,0,5.29646,6.06925,10.381,7.56814,7.29156,9.8007,11.7489,7.10788,4.802,5.29646,0
ni11ij,11.1693,16.7449,9.03333,15.3367,15.4986,18.3968,9.96959,8.54274,6.46664,9.13682,14.132,19.3049,13.4739,16.5253,18.4427,20.7948,13.9099,5.34881,10.274,9.23415,0,5.57606,3.56558,5.2797,4.40864,7.22854,2.27691,10.7052,4.70967,6.06925,5.57606,0,8.44141,4.28809,1.55916,1.66951,7.15628,15.1677,10.2816,10.381,3.56558,8.44141,0,8.84528,6.97618,10.0958,1.3433,11.3643,3.21924,7.56814,5.2797,4.28809,8.84528,0,4.78718,5.0484,7.54284,11.8143,9.29114,7.29156,4.40864,1.55916,6.97618,4.78718,0,3.14248,5.7277,14.5992,9.03803,9.8007,7.22854,1.66951,10.0958,5.0484,3.14248,0,8.81938,16.4937,11.9377,11.7489,2.27691,7.15628,1.3433,7.54284,5.7277,8.81938,0,11.2879,3.71271,7.10788,10.7052,15.1677,11.3643,11.8143,14.5992,16.4937,11.2879,0,8.34856,4.802,4.70967,10.2816,3.21924,9.29114,9.03803,11.9377,3.71271,8.34856,0,5.29646,6.06925,10.381,7.56814,7.29156,9.8007,11.7489,7.10788,4.802,5.29646,0
ni12ij,11.1693,16.7449,9.03333,15.3367,15.4986,18.3968,9.96959,8.54274,6.46664,9.13682,14.132,19.3049,13.4739,16.5253,18.4427,20.7948,13.9099,5.34881,10.274,9.23415,0,5.57606,3.56558,5.2797,4.40864,7.22854,2.27691,10.7052,4.70967,6.06925,5.57606,0,8.44141,4.28809,1.55916,1.66951,7.15628,15.1677,10.2816,10.381,3.56558,8.44141,0,8.84528,6.97618,10.0958,1.3433,11.3643,3.21924,7.56814,5.2797,4.28809,8.84528,0,4.78718,5.0484,7.54284,11.8143,9.29114,7.29156,4.40864,1.55916,6.97618,4.78718,0,3.14248,5.7277,14.5992,9.03803,9.8007,7.22854,1.66951,10.0958,5.0484,3.14248,0,8.81938,16.4937,11.9377,11.7489,2.27691,7.15628,1.3433,7.54284,5.7277,8.81938,0,11.2879,3.71271,7.10788,10.7052,15.1677,11.3643,11.8143,14.5992,16.4937,11.2879,0,8.34856,4.802,4.70967,10.2816,3.21924,9.29114,9.03803,11.9377,3.71271,8.34856,0,5.29646,6.06925,10.381,7.56814,7.29156,9.8007,11.7489,7.10788,4.802,5.29646,0
ni13ij,11.7277,17.5821,9.485,16.1035,16.2736,19.3166,10.4681,8.96987,6.78998,9.59366,14.8386,20.2702,14.1476,17.3516,19.3648,21.8345,14.6054,5.61625,10.7877,9.69586,0,5.85486,3.74386,5.54368,4.62907,7.58997,2.39075,11.2404,4.94516,6.37271,5.85486,0,8.86349,4.50249,1.63712,1.75299,7.51409,15.9261,10.7957,10.9001,3.74386,8.86349,0,9.28754,7.32499,10.6005,1.41047,11.9326,3.3802,7.94654,5.54368,4.50249,9.28754,0,5.02654,5.30082,7.91999,12.405,9.75569,7.65613,4.62907,1.63712,7.32499,5.02654,0,3.29961,6.01409,15.3291,9.48993,10.2907,7.58997,1.75299,10.6005,5.30082,3.29961,0,9.26035,17.3184,12.5346,12.3364,2.39075,7.51409,1.41047,7.91999,6.01409,9.26035,0,11.8523,3.89835,7.46327,11.2404,15.9261,11.9326,12.405,15.3291,17.3184,11.8523,0,8.76599,5.0421,4.94516,10.7957,3.3802,9.75569,9.48993,12.5346,3.89835,8.76599,0,5.56128,6.37271,10.9001,7.94654,7.65613,10.2907,12.3364,7.46327,5.0421,5.56128,0
ni14ij,10.6108,15.9077,8.58167,14.5699,14.7237,17.4769,9.47111,8.1156,6.14331,8.67998,13.4254,18.3397,12.8002,15.6991,17.5206,19.755,13.2144,5.08137,9.76033,8.77245,0,5.29726,3.3873,5.01571,4.18821,6.86712,2.16306,10.1699,4.47419,5.76579,5.29726,0,8.01934,4.07369,1.4812,1.58604,6.79846,14.4093,9.76752,9.86198,3.3873,8.01934,0,8.40301,6.62737,9.59097,1.27614,10.7961,3.05828,7.18973,5.01571,4.07369,8.40301,0,4.54782,4.79598,7.1657,11.2236,8.82658,6.92698,4.18821,1.4812,6.62737,4.54782,0,2.98536,5.44132,13.8692,8.58613,9.31066,6.86712,1.58604,9.59097,4.79598,2.98536,0,8.37841,15.669,11.3408,11.1615,2.16306,6.79846,1.27614,7.1657,5.44132,8.37841,0,10.7235,3.52707,6.75249,10.1699,14.4093,10.7961,11.2236,13.8692,15.669,10.7235,0,7.93113,4.5619,4.47419,9.76752,3.05828,8.82658,8.58613,11.3408,3.52707,7.93113,0,5.03164,5.76579,9.86198,7.18973,6.92698,9.31066,11.1615,6.75249,4.5619,5.03164,0
ni15ij,11.1693,16.7449,9.03333,15.3367,15.4986,18.3968,9.96959,8.54274,6.46664,9.13682,14.132,19.3049,13.4739,16.5253,18.4427,20.7948,13.9099,5.34881,10.274,9.23415,0,5.57606,3.56558,5.2797,4.40864,7.22854,2.27691,10.7052,4.70967,6.06925,5.57606,0,8.44141,4.28809,1.55916,1.66951,7.15628,15.1677,10.2816,10.381,3.56558,8.44141,0,8.84528,6.97618,10.0958,1.3433,11.3643,3.21924,7.56814,5.2797,4.28809,8.84528,0,4.78718,5.0484,7.54284,11.8143,9.29114,7.29156,4.40864,1.55916,6.97618,4.78718,0,3.14248,5.7277,14.5992,9.03803,9.8007,7.22854,1.66951,10.0958,5.0484,3.14248,0,8.81938,16.4937,11.9377,11.7489,2.27691,7.15628,1.3433,7.54284,5.7277,8.81938,0,11.2879,3.71271,7.10788,10.7052,15.1677,11.3643,11.8143,14.5992,16.4937,11.2879,0,8.34856,4.802,4.70967,10.2816,3.21924,9.29114,9.03803,11.9377,3.71271,8.34856,0,5.29646,6.06925,10.381,7.56814,7.29156,9.8007,11.7489,7.10788,4.802,5.29646,0
ni16ij,10.6108,15.9077,8.58167,14.5699,14.7237,17.4769,9.47111,8.1156,6.14331,8.67998,13.4254,18.3397,12.8002,15.6991,17.5206,19.755,13.2144,5.08137,9.76033,8.77245,0,5.29726,3.3873,5.01571,4.18821,6.86712,2.16306,10.1699,4.47419,5.76579,5.29726,0,8.01934,4.07369,1.4812,1.58604,6.79846,14.4093,9.76752,9.86198,3.3873,8.01934,0,8.40301,6.62737,9.59097,1.27614,10.7961,3.05828,7.18973,5.01571,4.07369,8.40301,0,4.54782,4.79598,7.1657,11.2236,8.82658,6.92698,4.18821,1.4812,6.62737,4.54782,0,2.98536,5.44132,13.8692,8.58613,9.31066,6.86712,1.58604,9.59097,4.79598,2.98536,0,8.37841,15.669,11.3408,11.1615,2.16306,6.79846,1.27614,7.1657,5.44132,8.37841,0,10.7235,3.52707,6.75249,10.1699,14.4093,10.7961,11.2236,13.8692,15.669,10.7235,0,7.93113,4.5619,4.47419,9.76752,3.05828,8.82658,8.58613,11.3408,3.52707,7.93113,0,5.03164,5.76579,9.86198,7.18973,6.92698,9.31066,11.1615,6.75249,4.5619,5.03164,0
ni17ij,11.7277,17.5821,9.485,16.1035,16.2736,19.3166,10.4681,8.96987,6.78998,9.59366,14.8386,20.2702,14.1476,17.3516,19.3648,21.8345,14.6054,5.61625,10.7877,9.69586,0,5.85486,3.74386,5.54368,4.62907,7.58997,2.39075,11.2404,4.94516,6.37271,5.85486,0,8.86349,4.50249,1.63712,1.75299,7.51409,15.9261,10.7957,10.9001,3.74386,8.86349,0,9.28754,7.32499,10.6005,1.41047,11.9326,3.3802,7.94654,5.54368,4.50249,9.28754,0,5.02654,5.30082,7.91999,12.405,9.75569,7.65613,4.62907,1.63712,7.32499,5.02654,0,3.29961,6.01409,15.3291,9.48993,10.2907,7.58997,1.75299,10.6005,5.30082,3.29961,0,9.26035,17.3184,12.5346,12.3364,2.39075,7.51409,1.41047,7.91999,6.01409,9.26035,0,11.8523,3.89835,7.46327,11.2404,15.9261,11.9326,12.405,15.3291,17.3184,11.8523,0,8.76599,5.0421,4.94516,10.7957,3.3802,9.75569,9.48993,12.5346,3.89835,8.76599,0,5.56128,6.37271,10.9001,7.94654,7.65613,10.2907,12.3364,7.46327,5.0421,5.56128,0
a25ij,2.93194,4.39554,2.37125,4.02588,4.06839,4.82915,2.61702,2.24247,1.69749,2.39841,3.70965,5.06754,3.53689,4.3379,4.84121,5.45863,3.65136,1.40406,2.69693,2.42397,0,1.46372,0.935965,1.38592,1.15727,1.89749,0.597688,2.81011,1.23629,1.59318,1.46372,0,2.21587,1.12562,0.40928,0.438247,1.87852,3.98152,2.69892,2.72502,0.935965,2.21587,0,2.32189,1.83125,2.65014,0.352617,2.98314,0.84505,1.98664,1.38592,1.12562,2.32189,0,1.25663,1.32521,1.98,3.10125,2.43892,1.91403,1.15727,0.40928,1.83125,1.25663,0,0.824902,1.50352,3.83228,2.37248,2.57268,1.89749,0.438247,2.65014,1.32521,0.824902,0,2.31509,4.32959,3.13364,3.0841,0.597688,1.87852,0.352617,1.98,1.50352,2.31509,0,2.96308,0.974586,1.86582,2.81011,3.98152,2.98314,3.10125,3.83228,4.32959,2.96308,0,2.1915,1.26053,1.23629,2.69892,0.84505,2.43892,2.37248,3.13364,0.974586,2.1915,0,1.39032,1.59318,2.72502,1.98664,1.91403,2.57268,3.0841,1.86582,1.26053,1.39032,0
a26ij,3.07155,4.60485,2.48417,4.21759,4.26213,5.05911,2.74164,2.34925,1.77833,2.51263,3.8863,5.30886,3.70532,4.54447,5.07174,5.71856,3.82523,1.47092,2.82536,2.53939,0,1.53342,0.980535,1.45192,1.21238,1.98785,0.626149,2.94392,1.29516,1.66904,1.53342,0,2.32139,1.17922,0.428769,0.459116,1.96798,4.17111,2.82744,2.85478,0.980535,2.32139,0,2.43245,1.91845,2.77633,0.369408,3.12519,0.885291,2.08124,1.45192,1.17922,2.43245,0,1.31647,1.38831,2.07428,3.24893,2.55506,2.00518,1.21238,0.428769,1.91845,1.31647,0,0.864183,1.57512,4.01477,2.48546,2.69519,1.98785,0.459116,2.77633,1.38831,0.864183,0,2.42533,4.53576,3.28286,3.23096,0.626149,1.96798,0.369408,2.07428,1.57512,2.42533,0,3.10418,1.021,1.95467,2.94392,4.17111,3.12519,3.24893,4.01477,4.53576,3.10418,0,2.29585,1.32055,1.29516,2.82744,0.885291,2.55506,2.48546,3.28286,1.021,2.29585,0,1.45653,1.66904,2.85478,2.08124,2.00518,2.69519,3.23096,1.95467,1.32055,1.45653,0
a27ij,2.93194,4.39554,2.37125,4.02588,4.06839,4.82915,2.61702,2.24247,1.69749,2.39841,3.70965,5.06754,3.53689,4.3379,4.84121,5.45863,3.65136,1.40406,2.69693,2.42397,0,1.46372,0.935965,1.38592,1.15727,1.89749,0.597688,2.81011,1.23629,1.59318,1.46372,0,2.21587,1.12562,0.40928,0.438247,1.87852,3.98152,2.69892,2.72502,0.935965,2.21587,0,2.32189,1.83125,2.65014,0.352617,2.98314,0.84505,1.98664,1.38592,1.12562,2.32189,0,1.25663,1.32521,1.98,3.10125,2.43892,1.91403,1.15727,0.40928,1.83125,1.25663,0,0.824902,1.50352,3.83228,2.37248,2.57268,1.89749,0.438247,2.65014,1.32521,0.824902,0,2.31509,4.32959,3.13364,3.0841,0.597688,1.87852,0.352617,1.98,1.50352,2.31509,0,2.96308,0.974586,1.86582,2.81011,3.98152,2.98314,3.10125,3.83228,4.32959,2.96308,0,2.1915,1.26053,1.23629,2.69892,0.84505,2.43892,2.37248,3.13364,0.974586,2.1915,0,1.39032,1.59318,2.72502,1.98664,1.91403,2.57268,3.0841,1.86582,1.26053,1.39032,0
a28ij,3.19122,4.78426,2.58095,4.38191,4.42818,5.25622,2.84845,2.44078,1.84761,2.61052,4.03772,5.51569,3.84968,4.72153,5.26934,5.94137,3.97427,1.52823,2.93544,2.63833,0,1.59316,1.01874,1.50849,1.25961,2.0653,0.650544,3.05862,1.34562,1.73407,1.59316,0,2.41183,1.22517,0.445475,0.477004,2.04465,4.33362,2.9376,2.96601,1.01874,2.41183,0,2.52722,1.99319,2.8845,0.383801,3.24695,0.919783,2.16232,1.50849,1.22517,2.52722,0,1.36776,1.4424,2.1551,3.37552,2.65461,2.0833,1.25961,0.445475,1.99319,1.36776,0,0.897853,1.63649,4.17119,2.58229,2.8002,2.0653,0.477004,2.8845,1.4424,0.897853,0,2.51982,4.71248,3.41077,3.35684,0.650544,2.04465,0.383801,2.1551,1.63649,2.51982,0,3.22512,1.06077,2.03082,3.05862,4.33362,3.24695,3.37552,4.17119,4.71248,3.22512,0,2.3853,1.372,1.34562,2.9376,0.919783,2.65461,2.58229,3.41077,1.06077,2.3853,0,1.51327,1.73407,2.96601,2.16232,2.0833,2.8002,3.35684,2.03082,1.372,1.51327,0
a29ij,3.07155,4.60485,2.48417,4.21759,4.26213,5.05911,2.74164,2.34925,1.77833,2.51263,3.8863,5.30886,3.70532,4.54447,5.07174,5.71856,3.82523,1.47092,2.82536,2.53939,0,1.53342,0.980535,1.45192,1.21238,1.98785,0.626149,2.94392,1.29516,1.66904,1.53342,0,2.32139,1.17922,0.428769,0.459116,1.96798,4.17111,2.82744,2.85478,0.980535,2.32139,0,2.43245,1.91845,2.77633,0.369408,3.12519,0.885291,2.08124,1.45192,1.17922,2.43245,0,1.31647,1.38831,2.07428,3.24893,2.55506,2.00518,1.21238,0.428769,1.91845,1.31647,0,0.864183,1.57512,4.01477,2.48546,2.69519,1.98785,0.459116,2.77633,1.38831,0.864183,0,2.42533,4.53576,3.28286,3.23096,0.626149,1.96798,0.369408,2.07428,1.57512,2.42533,0,3.10418,1.021,1.95467,2.94392,4.17111,3.12519,3.24893,4.01477,4.53576,3.10418,0,2.29585,1.32055,1.29516,2.82744,0.885291,2.55506,2.48546,3.28286,1.021,2.29585,0,1.45653,1.66904,2.85478,2.08124,2.00518,2.69519,3.23096,1.95467,1.32055,1.45653,0
a210ij,3.19122,4.78426,2.58095,4.38191,4.42818,5.25622,2.84845,2.44078,1.84761,2.61052,4.03772,5.51569,3.84968,4.72153,5.26934,5.94137,3.97427,1.52823,2.93544,2.63833,0,1.59316,1.01874,1.50849,1.25961,2.0653,0.650544,3.05862,1.34562,1.73407,1.59316,0,2.41183,1.22517,0.445475,0.477004,2.04465,4.33362,2.9376,2.96601,1.01874,2.41183,0,2.52722,1.99319,2.8845,0.383801,3.24695,0.919783,2.16232,1.50849,1.22517,2.52722,0,1.36776,1.4424,2.1551,3.37552,2.65461,2.0833,1.25961,0.445475,1.99319,1.36776,0,0.897853,1.63649,4.17119,2.58229,2.8002,2.0653,0.477004,2.8845,1.4424,0.897853,0,2.51982,4.71248,3.41077,3.35684,0.650544,2.04465,0.383801,2.1551,1.63649,2.51982,0,3.22512,1.06077,2.03082,3.05862,4.33362,3.24695,3.37552,4.17119,4.71248,3.22512,0,2.3853,1.372,1.34562,2.9376,0.919783,2.65461,2.58229,3.41077,1.06077,2.3853,0,1.51327,1.73407,2.96601,2.16232,2.0833,2.8002,3.35684,2.03082,1.372,1.51327,0
a211ij,3.19122,4.78426,2.58095,4.38191,4.42818,5.25622,2.84845,2.44078,1.84761,2.61052,4.03772,5.51569,3.84968,4.72153,5.26934,5.94137,3.97427,1.52823,2.93544,2.63833,0,1.59316,1.01874,1.50849,1.25961,2.0653,0.650544,3.05862,1.34562,1.73407,1.59316,0,2.41183,1.22517,0.445475,0.477004,2.04465,4.33362,2.9376,2.96601,1.01874,2.41183,0,2.52722,1.99319,2.8845,0.383801,3.24695,0.919783,2.16232,1.50849,1.22517,2.52722,0,1.36776,1.4424,2.1551,3.37552,2.65461,2.0833,1.25961,0.445475,1.99319,1.36776,0,0.897853,1.63649,4.17119,2.58229,2.8002,2.0653,0.477004,2.8845,1.4424,0.897853,0,2.51982,4.71248,3.41077,3.35684,0.650544,2.04465,0.383801,2.1551,1.63649,2.51982,0,3.22512,1.06077,2.03082,3.05862,4.33362,3.24695,3.37552,4.17119,4.71248,3.22512,0,2.3853,1.372,1.34562,2.9376,0.919783,2.65461,2.58229,3.41077,1.06077,2.3853,0,1.51327,1.73407,2.96601,2.16232,2.0833,2.8002,3.35684,2.03082,1.372,1.51327,0
a212ij,3.19122,4.78426,2.58095,4.38191,4.42818,5.25622,2.84845,2.44078,1.84761,2.61052,4.03772,5.51569,3.84968,4.72153,5.26934,5.94137,3.97427,1.52823,2.93544,2.63833,0,1.59316,1.01874,1.50849,1.25961,2.0653,0.650544,3.05862,1.34562,1.73407,1.59316,0,2.41183,1.22517,0.445475,0.477004,2.04465,4.33362,2.9376,2.96601,1.01874,2.41183,0,2.52722,1.99319,2.8845,0.383801,3.24695,0.919783,2.16232,1.50849,1.22517,2.52722,0,1.36776,1.4424,2.1551,3.37552,2.65461,2.0833,1.25961,0.445475,1.99319,1.36776,0,0.897853,1.63649,4.17119,2.58229,2.8002,2.0653,0.477004,2.8845,1.4424,0.897853,0,2.51982,4.71248,3.41077,3.35684,0.650544,2.04465,0.383801,2.1551,1.63649,2.51982,0,3.22512,1.06077,2.03082,3.05862,4.33362,3.24695,3.37552,4.17119,4.71248,3.22512,0,2.3853,1.372,1.34562,2.9376,0.919783,2.65461,2.58229,3.41077,1.06077,2.3853,0,1.51327,1.73407,2.96601,2.16232,2.0833,2.8002,3.35684,2.03082,1.372,1.51327,0
a213ij,2.93194,4.39554,2.37125,4.02588,4.06839,4.82915,2.61702,2.24247,1.69749,2.39841,3.70965,5.06754,3.53689,4.3379,4.84121,5.45863,3.65136,1.40406,2.69693,2.42397,0,1.46372,0.935965,1.38592,1.15727,1.89749,0.597688,2.81011,1.23629,1.59318,1.46372,0,2.21587,1.12562,0.40928,0.438247,1.87852,3.98152,2.69892,2.72502,0.935965,2.21587,0,2.32189,1.83125,2.65014,0.352617,2.98314,0.84505,1.98664,1.38592,1.12562,2.32189,0,1.25663,1.32521,1.98,3.10125,2.43892,1.91403,1.15727,0.40928,1.83125,1.25663,0,0.824902,1.50352,3.83228,2.37248,2.57268,1.89749,0.438247,2.65014,1.32521,0.824902,0,2.31509,4.32959,3.13364,3.0841,0.597688,1.87852,0.352617,1.98,1.50352,2.31509,0,2.96308,0.974586,1.86582,2.81011,3.98152,2.98314,3.10125,3.83228,4.32959,2.96308,0,2.1915,1.26053,1.23629,2.69892,0.84505,2.43892,2.37248,3.13364,0.974586,2.1915,0,1.39032,1.59318,2.72502,1.98664,1.91403,2.57268,3.0841,1.86582,1.26053,1.39032,0
a214ij,3.03166,4.54505,2.4519,4.16282,4.20677,4.9934,2.70603,2.31874,1.75523,2.47999,3.83583,5.23991,3.6572,4.48545,5.00587,5.6443,3.77556,1.45182,2.78867,2.50641,0,1.5135,0.9678,1.43306,1.19663,1.96203,0.618017,2.90569,1.27834,1.64737,1.5135,0,2.29124,1.16391,0.423201,0.453154,1.94242,4.11694,2.79072,2.81771,0.9678,2.29124,0,2.40086,1.89353,2.74028,0.364611,3.0846,0.873793,2.05421,1.43306,1.16391,2.40086,0,1.29938,1.37028,2.04734,3.20674,2.52188,1.97914,1.19663,0.423201,1.89353,1.29938,0,0.85296,1.55466,3.96263,2.45318,2.66019,1.96203,0.453154,2.74028,1.37028,0.85296,0,2.39383,4.47685,3.24023,3.189,0.618017,1.94242,0.364611,2.04734,1.55466,2.39383,0,3.06386,1.00774,1.92928,2.90569,4.11694,3.0846,3.20674,3.96263,4.47685,3.06386,0,2.26604,1.3034,1.27834,2.79072,0.873793,2.52188,2.45318,3.24023,1.00774,2.26604,0,1.43761,1.64737,2.81771,2.05421,1.97914,2.66019,3.189,1.92928,1.3034,1.43761,0
a215ij,3.19122,4.78426,2.58095,4.38191,4.42818,5.25622,2.84845,2.44078,1.84761,2.61052,4.03772,5.51569,3.84968,4.72153,5.26934,5.94137,3.97427,1.52823,2.93544,2.63833,0,1.59316,1.01874,1.50849,1.25961,2.0653,0.650544,3.05862,1.34562,1.73407,1.59316,0,2.41183,1.22517,0.445475,0.477004,2.04465,4.33362,2.9376,2.96601,1.01874,2.41183,0,2.52722,1.99319,2.8845,0.383801,3.24695,0.919783,2.16232,1.50849,1.22517,2.52722,0,1.36776,1.4424,2.1551,3.37552,2.65461,2.0833,1.25961,0.445475,1.99319,1.36776,0,0.897853,1.63649,4.17119,2.58229,2.8002,2.0653,0.477004,2.8845,1.4424,0.897853,0,2.51982,4.71248,3.41077,3.35684,0.650544,2.04465,0.383801,2.1551,1.63649,2.51982,0,3.22512,1.06077,2.03082,3.05862,4.33362,3.24695,3.37552,4.17119,4.71248,3.22512,0,2.3853,1.372,1.34562,2.9376,0.919783,2.65461,2.58229,3.41077,1.06077,2.3853,0,1.51327,1.73407,2.96601,2.16232,2.0833,2.8002,3.35684,2.03082,1.372,1.51327,0
a216ij,3.03166,4.54505,2.4519,4.16282,4.20677,4.9934,2.70603,2.31874,1.75523,2.47999,3.83583,5.23991,3.6572,4.48545,5.00587,5.6443,3.77556,1.45182,2.78867,2.50641,0,1.5135,0.9678,1.43306,1.19663,1.96203,0.618017,2.90569,1.27834,1.64737,1.5135,0,2.29124,1.16391,0.423201,0.453154,1.94242,4.11694,2.79072,2.81771,0.9678,2.29124,0,2.40086,1.89353,2.74028,0.364611,3.0846,0.873793,2.05421,1.43306,1.16391,2.40086,0,1.29938,1.37028,2.04734,3.20674,2.52188,1.97914,1.19663,0.423201,1.89353,1.29938,0,0.85296,1.55466,3.96263,2.45318,2.66019,1.96203,0.453154,2.74028,1.37028,0.85296,0,2.39383,4.47685,3.24023,3.189,0.618017,1.94242,0.364611,2.04734,1.55466,2.39383,0,3.06386,1.00774,1.92928,2.90569,4.11694,3.0846,3.20674,3.96263,4.47685,3.06386,0,2.26604,1.3034,1.27834,2.79072,0.873793,2.52188,2.45318,3.24023,1.00774,2.26604,0,1.43761,1.64737,2.81771,2.05421,1.97914,2.66019,3.189,1.92928,1.3034,1.43761,0
a217ij,2.93194,4.39554,2.37125,4.02588,4.06839,4.82915,2.61702,2.24247,1.69749,2.39841,3.70965,5.06754,3.53689,4.3379,4.84121,5.45863,3.65136,1.40406,2.69693,2.42397,0,1.46372,0.935965,1.38592,1.15727,1.89749,0.597688,2.81011,1.23629,1.59318,1.46372,0,2.21587,1.12562,0.40928,0.438247,1.87852,3.98152,2.69892,2.72502,0.935965,2.21587,0,2.32189,1.83125,2.65014,0.352617,2.98314,0.84505,1.98664,1.38592,1.12562,2.32189,0,1.25663,1.32521,1.98,3.10125,2.43892,1.91403,1.15727,0.40928,1.83125,1.25663,0,0.824902,1.50352,3.83228,2.37248,2.57268,1.89749,0.438247,2.65014,1.32521,0.824902,0,2.31509,4.32959,3.13364,3.0841,0.597688,1.87852,0.352617,1.98,1.50352,2.31509,0,2.96308,0.974586,1.86582,2.81011,3.98152,2.98314,3.10125,3.83228,4.32959,2.96308,0,2.1915,1.26053,1.23629,2.69892,0.84505,2.43892,2.37248,3.13364,0.974586,2.1915,0,1.39032,1.59318,2.72502,1.98664,1.91403,2.57268,3.0841,1.86582,1.26053,1.39032,0
betas,0.09,0.1
aa1s,50,50
aa2s,50,50
aa3s,50,50
aa4s,50,50
aa5s,65,65
aa6s,70,70
aa7s,65,65
aa8s,60,60
aa9s,70,70
aa10s,60,60
aa11s,60,60
aa12s,60,60
aa13s,65,65
aa14s,55,55
aa15s,60,60
aa16s,55,55
aa17s,65,65
a11s,13,13
a12s,13,13
a13s,13,13
a14s,13,13
uk2,8,8,8,7,8,7,7,7,8,7,7,7,8
us,3,3
vs,13,13
pc1,4,7,5,6,5,5,4,9,11,8,10,9,4,11,12,5,10,12
pc2,8,7,6,4,5,6,6,7,4,4,6,11,10,7,5,10,10,12
pc3,6,4,12,11,9,8,3,5,11,9,3,5,7,11,9,8,3,12
pc4,3,3,9,4,6,11,12,6,7,7,9,3,9,9,4,11,7,12
pis,130,260
M1,10,11,12,13,14
M2,5,8,15,16,17
G1,4,5,6,7,8,9,10,11,12
D1,6,6,5,4,2,2,5,3,3
G2,3,4,6,7,9,11,12,5,8
D2,6,3,3,4,7,5,4,2,2
CdiS1,1,2
CdiS2,4,3